{
	"format_version": "1.8.0",
	"animations": {
		"animation.model.shatter": {
			"loop": "hold_on_last_frame",
			"animation_length": 2,
			"loop_delay": "0",
			"bones": {
				"bottom_left": {
					"rotation": {
						"1.0": [0, 0, 0],
						"2.0": [27.56528, 22.45832, 15.7984]
					},
					"position": {
						"1.0": [0, 0, 0],
						"2.0": [-45, -27, -23]
					}
				},
				"top_left": {
					"rotation": {
						"1.0": [0, 0, 0],
						"2.0": [-27.39436, 42.73383, -1.18244]
					},
					"position": {
						"1.0": [0, 0, 0],
						"2.0": [-38, 31, -15]
					}
				},
				"top_right": {
					"rotation": {
						"1.0": [0, 0, 0],
						"2.0": [-33.6123, 0.14446, 15.42684]
					},
					"position": {
						"1.0": [0, 0, 0],
						"2.0": [44, 25, -46]
					}
				},
				"bottom_right": {
					"rotation": {
						"1.0": [0, 0, 0],
						"2.0": [34.59668, -20.70539, -18.27371]
					},
					"position": {
						"1.0": [0, 0, 0],
						"2.0": [44, -12, -51]
					}
				}
			}
		}
	}
}